{"x": [0.01, 0.4098, 0.8096, 1.2094, 1.6092, 2.009, 2.4088, 2.8085999999999998, 3.2083999999999997, 3.6081999999999996, 4.008, 4.4078, 4.8076, 5.2074, 5.6072, 6.007, 6.4068, 6.8065999999999995, 7.2063999999999995, 7.606199999999999, 8.006, 8.405800000000001, 8.805600000000002, 9.205400000000003, 9.605200000000004, 10.005000000000004, 10.404800000000005, 10.804600000000006, 11.204400000000007, 11.604200000000008, 12.004000000000008, 12.40380000000001, 12.80360000000001, 13.203400000000011, 13.603200000000012, 14.003000000000013, 14.402800000000013, 14.802600000000014, 15.202400000000015, 15.602200000000016, 16.002000000000017, 16.401800000000016, 16.801600000000015, 17.201400000000014, 17.601200000000013, 18.001000000000012, 18.40080000000001, 18.80060000000001, 19.20040000000001, 19.600200000000008], "y": [-0.0006184011907178702, -0.000489545458937317, 5.248816698436753, 4.21035476204257, 5.7529487818198675, 6.03362525774333, 6.068190937699355, 6.323446158658473, 4.64960505392335, 7.835106684380686, 8.026067503437353, 7.252093364922304, 5.8764476776161345, 8.881408613430963, 8.128385271395477, 8.972250474749902, 9.565171486241628, 7.772768946063284, 7.1121172893459566, 8.71520692194963, 11.679774663096078, 9.595846446043184, 12.533270102406728, 6.955840371408401, 8.606854368458835, 11.453604084272419, 8.290219243432336, 13.023799636105094, 7.654510056080383, 7.5807029700344595, 7.254127707069697, 6.807294078716522, 10.70410227001932, 8.277613107768328, 6.77148073193991, 9.594067712061594, 12.485354326989775, 7.951998605198227, 8.399588865376547, 10.791216350628677, 7.7617308628190615, 7.992905568475886, 7.161842788928167, 9.98985321980676, 6.938538177184425, 8.061291850306862, 7.66977140049226, 9.493655111659578, 7.371235732017544, 9.802412321379913]}