{"avg_dist": [0.0002793429995072463, 0.0002776905620301967, 0.0002762109071729168, 0.00027488338660258666, 0.00027369779273385414, 0.00027263003176090456, 0.00027167307130779403, 0.000270807234144292, 0.00027002512233720256, 0.0002693214669257726], "loss": [[0.36041051149368286, 0.35338228940963745, 0.3471136689186096, 0.3415120542049408, 0.33649736642837524, 0.33200013637542725, 0.32795989513397217, 0.32432395219802856, 0.32104629278182983, 0.31808656454086304], [0.3603637218475342, 0.35333874821662903, 0.34707289934158325, 0.3414738178253174, 0.3364613652229309, 0.3319660425186157, 0.32792747020721436, 0.32429301738739014, 0.32101672887802124, 0.3180581331253052], [0.3604978322982788, 0.3534616529941559, 0.34718620777130127, 0.3415786027908325, 0.3365587592124939, 0.33205699920654297, 0.32801276445388794, 0.32437336444854736, 0.3210926055908203, 0.31813016533851624], [0.3604700565338135, 0.35343480110168457, 0.34715986251831055, 0.341552734375, 0.3365330100059509, 0.3320314288139343, 0.3279872536659241, 0.3243478238582611, 0.32106703519821167, 0.31810447573661804], [0.36040985584259033, 0.353380024433136, 0.34710991382598877, 0.3415069282054901, 0.33649110794067383, 0.33199289441108704, 0.3279518485069275, 0.3243151307106018, 0.32103675603866577, 0.3180764317512512], [0.360465407371521, 0.353429913520813, 0.3471549451351166, 0.3415479063987732, 0.3365284502506256, 0.33202701807022095, 0.32798314094543457, 0.32434403896331787, 0.3210635483264923, 0.31810134649276733], [0.36021944880485535, 0.3532114028930664, 0.34696054458618164, 0.34137463569641113, 0.3363737463951111, 0.33188870549201965, 0.3278592824935913, 0.32423296570777893, 0.3209637701511383, 0.318011611700058], [0.3605228066444397, 0.3534812033176422, 0.34720084071159363, 0.3415888547897339, 0.3365650773048401, 0.3320598006248474, 0.32801246643066406, 0.32437020540237427, 0.3210870027542114, 0.3181222677230835], [0.3604060411453247, 0.3533797264099121, 0.3471130132675171, 0.3415130376815796, 0.33650004863739014, 0.33200424909591675, 0.32796531915664673, 0.3243306279182434, 0.3210541009902954, 0.31809544563293457], [0.36050546169281006, 0.3534647226333618, 0.3471851348876953, 0.3415740132331848, 0.33655086159706116, 0.3320462107658386, 0.3279995322227478, 0.32435792684555054, 0.3210752010345459, 0.31811100244522095], [0.360353946685791, 0.35333406925201416, 0.3470727801322937, 0.341477632522583, 0.3364686369895935, 0.33197638392448425, 0.32794052362442017, 0.3243083953857422, 0.32103419303894043, 0.3180774450302124], [0.3602723479270935, 0.3532578945159912, 0.347001314163208, 0.3414102792739868, 0.3364048898220062, 0.33191585540771484, 0.3278827667236328, 0.3242532014846802, 0.32098114490509033, 0.3180263936519623], [0.36040198802948, 0.35337328910827637, 0.34710419178009033, 0.34150230884552, 0.3364872336387634, 0.33198976516723633, 0.3279493451118469, 0.324313223361969, 0.3210354447364807, 0.31807562708854675], [0.3603958487510681, 0.3533703088760376, 0.3471039831638336, 0.34150445461273193, 0.3364916145801544, 0.33199599385261536, 0.3279571533203125, 0.32432252168655396, 0.3210459351539612, 0.3180871903896332], [0.3603968024253845, 0.3533680737018585, 0.3470989465713501, 0.34149691462516785, 0.3364816904067993, 0.33198410272598267, 0.32794350385665894, 0.3243072032928467, 0.3210292160511017, 0.31806913018226624], [0.36043262481689453, 0.3534035384654999, 0.34713414311408997, 0.3415318727493286, 0.3365165591239929, 0.33201882243156433, 0.32797813415527344, 0.3243417739868164, 0.32106372714042664, 0.3181036114692688], [0.3603783845901489, 0.3533536195755005, 0.3470880687236786, 0.3414892554283142, 0.3364769518375397, 0.3319818675518036, 0.32794350385665894, 0.3243092894554138, 0.3210331201553345, 0.3180747628211975], [0.36036187410354614, 0.35333746671676636, 0.3470720946788788, 0.3414733409881592, 0.3364611268043518, 0.3319660723209381, 0.3279276490211487, 0.3242933750152588, 0.3210170865058899, 0.31805863976478577], [0.3603057861328125, 0.35328954458236694, 0.3470313251018524, 0.34143882989883423, 0.33643221855163574, 0.3319421410560608, 0.3279081881046295, 0.3242778778076172, 0.32100510597229004, 0.31804975867271423], [0.3603503108024597, 0.35333251953125, 0.3470730781555176, 0.3414795696735382, 0.3364720344543457, 0.3319810926914215, 0.3279464840888977, 0.32431548833847046, 0.3210422396659851, 0.3180863857269287], [0.3603338897228241, 0.3533152937889099, 0.3470551371574402, 0.34146085381507874, 0.3364526927471161, 0.33196115493774414, 0.3279259204864502, 0.32429444789886475, 0.3210206627845764, 0.318064421415329], [0.36058157682418823, 0.3535339832305908, 0.3472483456134796, 0.34163182973861694, 0.3366040587425232, 0.33209526538848877, 0.3280447721481323, 0.32439979910850525, 0.32111412286758423, 0.31814730167388916], [0.3604287803173065, 0.35339903831481934, 0.34712907671928406, 0.3415263295173645, 0.3365105986595154, 0.332012414932251, 0.32797136902809143, 0.3243347108364105, 0.32105639576911926, 0.3180960416793823], [0.3604520559310913, 0.3534206748008728, 0.3471492528915405, 0.3415451645851135, 0.3365282416343689, 0.33202898502349854, 0.3279869854450226, 0.32434940338134766, 0.3210703134536743, 0.31810927391052246], [0.3604722023010254, 0.35343509912490845, 0.3471587300300598, 0.341550350189209, 0.33652961254119873, 0.3320270776748657, 0.3279821276664734, 0.3243420720100403, 0.32106077671051025, 0.31809771060943604]]}