{"x": [0.01, 0.4098, 0.8096, 1.2094, 1.6092, 2.009, 2.4088, 2.8085999999999998, 3.2083999999999997, 3.6081999999999996, 4.008, 4.4078, 4.8076, 5.2074, 5.6072, 6.007, 6.4068, 6.8065999999999995, 7.2063999999999995, 7.606199999999999, 8.006, 8.405800000000001, 8.805600000000002, 9.205400000000003, 9.605200000000004, 10.005000000000004, 10.404800000000005, 10.804600000000006, 11.204400000000007, 11.604200000000008, 12.004000000000008, 12.40380000000001, 12.80360000000001, 13.203400000000011, 13.603200000000012, 14.003000000000013, 14.402800000000013, 14.802600000000014, 15.202400000000015, 15.602200000000016, 16.002000000000017, 16.401800000000016, 16.801600000000015, 17.201400000000014, 17.601200000000013, 18.001000000000012, 18.40080000000001, 18.80060000000001, 19.20040000000001, 19.600200000000008], "y": [-0.0011447652701066487, 0.001978833183125112, 4.107418331841895, 4.902191599409986, 6.968706610219944, 8.473455454590754, 5.13578946406523, 4.805155704430795, 8.309885126715312, 5.535948701146437, 6.545641615124351, 7.130949427713445, 9.130748627350766, 9.619403042556906, 11.487333792289668, 9.002960988752168, 7.932338369981328, 10.954073214340621, 10.562699003511037, 7.332166471490906, 9.779211642136424, 8.894632176578206, 8.614887650492282, 8.662225653200263, 11.212640686647429, 8.450477283171649, 11.509054923755913, 10.716139010610991, 6.922198140775626, 6.87493117857137, 6.354592705742068, 11.89319215376177, 7.139903590564044, 12.313317889412982, 8.88335113780298, 8.108791280590848, 6.97871033885856, 8.413995382121495, 7.072280552820271, 7.789836941659022, 11.73737591473963, 8.799123028711815, 7.680917967962571, 12.378943096409149, 7.3067083066440475, 11.813282270173383, 11.047533209763905, 8.290789643706889, 9.016426876867587, 8.06837995559578]}