{"avg_dist": [0.00030149914521166615, 0.00030127693731260715, 0.0003010544855558028, 0.00030083236819083146, 0.0003006198959372898], "loss": [[0.35982251167297363, 0.3588777184486389, 0.3579428493976593, 0.35701772570610046, 0.3561023771762848], [0.35975879430770874, 0.3588145673274994, 0.3578803241252899, 0.3569559156894684, 0.35604119300842285], [0.3599250614643097, 0.35897910594940186, 0.3580430746078491, 0.3571169674396515, 0.35620051622390747], [0.35994502902030945, 0.3589988350868225, 0.35806262493133545, 0.35713618993759155, 0.3562195301055908], [0.3599141538143158, 0.358968585729599, 0.3580329418182373, 0.3571072220802307, 0.3561912477016449], [0.35985732078552246, 0.35891193151474, 0.3579765558242798, 0.35705089569091797, 0.3561350405216217], [0.35987013578414917, 0.3589246869087219, 0.357989102602005, 0.3570634126663208, 0.3561474680900574], [0.3596612215042114, 0.35871806740760803, 0.35778486728668213, 0.3568614721298218, 0.35594770312309265], [0.35972660779953003, 0.3587828278541565, 0.35784903168678284, 0.35692498087882996, 0.35601064562797546], [0.3597226142883301, 0.35877862572669983, 0.35784462094306946, 0.35692039132118225, 0.35600584745407104], [0.35994696617126465, 0.3590005934238434, 0.358064204454422, 0.3571375906467438, 0.35622072219848633], [0.35972848534584045, 0.3587845265865326, 0.3578505516052246, 0.3569263815879822, 0.35601192712783813], [0.3599388599395752, 0.35899272561073303, 0.3580566644668579, 0.357130229473114, 0.3562137186527252], [0.3597313165664673, 0.35878729820251465, 0.3578532338142395, 0.35692882537841797, 0.35601428151130676], [0.359792023897171, 0.35884755849838257, 0.357913076877594, 0.35698840022087097, 0.3560734987258911], [0.3596336245536804, 0.3586907684803009, 0.3577578067779541, 0.35683467984199524, 0.3559211492538452], [0.3599477708339691, 0.35900169610977173, 0.3580656945705414, 0.3571394681930542, 0.3562229871749878], [0.36008259654045105, 0.35913485288619995, 0.3581971824169159, 0.3572693467140198, 0.35635119676589966], [0.35976138710975647, 0.3588174283504486, 0.3578833341598511, 0.3569590747356415, 0.35604462027549744], [0.359811007976532, 0.3588661551475525, 0.3579312264919281, 0.3570061922073364, 0.35609087347984314], [0.359758198261261, 0.3588140308856964, 0.35787975788116455, 0.356955349445343, 0.3560405969619751], [0.35998231172561646, 0.3590357005596161, 0.35809916257858276, 0.3571724593639374, 0.3562554717063904], [0.35987886786460876, 0.35893332958221436, 0.35799771547317505, 0.3570719361305237, 0.3561558723449707], [0.3598175346851349, 0.3588727116584778, 0.35793793201446533, 0.35701292753219604, 0.35609760880470276], [0.3599350154399872, 0.35898900032043457, 0.35805290937423706, 0.35712671279907227, 0.35621023178100586]]}