{"x": [0.01, 0.4098, 0.8096, 1.2094, 1.6092, 2.009, 2.4088, 2.8085999999999998, 3.2083999999999997, 3.6081999999999996, 4.008, 4.4078, 4.8076, 5.2074, 5.6072, 6.007, 6.4068, 6.8065999999999995, 7.2063999999999995, 7.606199999999999, 8.006, 8.405800000000001, 8.805600000000002, 9.205400000000003, 9.605200000000004, 10.005000000000004, 10.404800000000005, 10.804600000000006, 11.204400000000007, 11.604200000000008, 12.004000000000008, 12.40380000000001, 12.80360000000001, 13.203400000000011, 13.603200000000012, 14.003000000000013, 14.402800000000013, 14.802600000000014, 15.202400000000015, 15.602200000000016, 16.002000000000017, 16.401800000000016, 16.801600000000015, 17.201400000000014, 17.601200000000013, 18.001000000000012, 18.40080000000001, 18.80060000000001, 19.20040000000001, 19.600200000000008], "y": [-0.05245138097184504, -0.1814742479146715, 7.3457972238506, 7.895228059904533, 8.411732961847198, 7.73223619579204, 10.657144472985003, 8.240737148304488, 10.138390850849285, 10.466766314883726, 7.707977087265995, 6.614110297768462, 10.004784754751126, 8.46192054568105, 7.867141441143197, 12.233055379343256, 8.986368012740405, 12.272644212419713, 9.546409448869044, 12.39440076975723, 13.359048806349689, 13.961990503806433, 11.579467559783298, 15.201593690737598, 15.002281373500704, 8.270566848306949, 7.41602237032143, 7.088940982213496, 15.453201072004447, 14.0578441252773, 13.400483131532805, 13.961355809229353, 12.567457322176955, 7.527732740692921, 8.894204282836926, 7.471044400028215, 7.250117512038772, 7.706637560255318, 12.402718252594195, 7.524554993893192, 6.852864487504487, 7.080572532378001, 7.343524266485796, 12.847352767967942, 14.315026158462299, 8.227474375111603, 8.15565569523001, 9.391611990862978, 16.253815842343087, 7.292974424344368]}