{"x": [0.01, 0.4098, 0.8096, 1.2094, 1.6092, 2.009, 2.4088, 2.8085999999999998, 3.2083999999999997, 3.6081999999999996, 4.008, 4.4078, 4.8076, 5.2074, 5.6072, 6.007, 6.4068, 6.8065999999999995, 7.2063999999999995, 7.606199999999999, 8.006, 8.405800000000001, 8.805600000000002, 9.205400000000003, 9.605200000000004, 10.005000000000004, 10.404800000000005, 10.804600000000006, 11.204400000000007, 11.604200000000008, 12.004000000000008, 12.40380000000001, 12.80360000000001, 13.203400000000011, 13.603200000000012, 14.003000000000013, 14.402800000000013, 14.802600000000014, 15.202400000000015, 15.602200000000016, 16.002000000000017, 16.401800000000016, 16.801600000000015, 17.201400000000014, 17.601200000000013, 18.001000000000012, 18.40080000000001, 18.80060000000001, 19.20040000000001, 19.600200000000008], "y": [-0.03940787342809754, -0.2942646175578154, 4.693361162566357, 0.0, 0.0, 2.908961461923323, 0.0, 2.680204555724427, 3.219085612929068, 0.0, 0.0, 8.98635671807629, 0.0, 0.0, 1.2307654524400704, 0.0, 0.0, 5.423519570447183, 0.0, 0.0, 0.0, 0.0, 0.0, 0.0, 0.0, 0.0, 0.0, 7.028770504582109, 0.0, 0.0, 0.0, 0.0, 0.0, 6.490647877816436, 0.0, 0.0, 0.0, 6.879975749657444, 0.0, 0.0, 0.0, 0.0, 0.0, 0.0, 0.0, 0.0, 0.0, 0.0, 0.0, 0.0]}