{"avg_dist": [0.00029520154834088434, 0.000294944208336818, 0.0002946959854520588, 0.00029445372312710965, 0.00029420739718155343], "loss": [[0.2859169840812683, 0.285385400056839, 0.28486236929893494, 0.2843477129936218, 0.2838413119316101], [0.2858778238296509, 0.2853468358516693, 0.284824401140213, 0.28431034088134766, 0.2838044762611389], [0.2860071063041687, 0.28547403216362, 0.28494954109191895, 0.28443342447280884, 0.2839256525039673], [0.28598541021347046, 0.285452663898468, 0.2849285304546356, 0.2844127416610718, 0.2839052975177765], [0.28598716855049133, 0.2854543626308441, 0.28493010997772217, 0.28441429138183594, 0.2839067280292511], [0.2859579622745514, 0.28542575240135193, 0.28490206599235535, 0.2843868136405945, 0.283879816532135], [0.28593263030052185, 0.28540077805519104, 0.2848775386810303, 0.28436264395713806, 0.28385600447654724], [0.2859642803668976, 0.2854318916797638, 0.2849080264568329, 0.2843926250934601, 0.2838854491710663], [0.2857730984687805, 0.28524377942085266, 0.2847229242324829, 0.2842105031013489, 0.2837062478065491], [0.2858944237232208, 0.2853633463382721, 0.28484073281288147, 0.28432658314704895, 0.28382062911987305], [0.28596675395965576, 0.2854342758655548, 0.28491032123565674, 0.2843948304653168, 0.2838875651359558], [0.2859511375427246, 0.2854189872741699, 0.2848954200744629, 0.28438031673431396, 0.28387340903282166], [0.2859034538269043, 0.2853720784187317, 0.28484925627708435, 0.28433480858802795, 0.28382864594459534], [0.2860043942928314, 0.28547126054763794, 0.2849466800689697, 0.28443053364753723, 0.2839226722717285], [0.2858477830886841, 0.2853173613548279, 0.28479552268981934, 0.28428196907043457, 0.2837767004966736], [0.2860211730003357, 0.28548792004585266, 0.28496330976486206, 0.2844470739364624, 0.2839391231536865], [0.28586217761039734, 0.2853313386440277, 0.2848089933395386, 0.28429505228996277, 0.28378936648368835], [0.2858848571777344, 0.28535380959510803, 0.2848312556743622, 0.28431710600852966, 0.28381121158599854], [0.28582829236984253, 0.2852979600429535, 0.2847761809825897, 0.2842628061771393, 0.28375759720802307], [0.28610411286354065, 0.28556960821151733, 0.2850436568260193, 0.28452616930007935, 0.28401699662208557], [0.28593045473098755, 0.2853986918926239, 0.2848755121231079, 0.28436073660850525, 0.2838541865348816], [0.28597167134284973, 0.28543925285339355, 0.28491535782814026, 0.28439992666244507, 0.28389275074005127], [0.28586745262145996, 0.2853364944458008, 0.28481411933898926, 0.2843001186847687, 0.2837943434715271], [0.28587889671325684, 0.2853480875492096, 0.28482571244239807, 0.28431180119514465, 0.28380608558654785], [0.2859935462474823, 0.2854606807231903, 0.28493645787239075, 0.2844206392765045, 0.2839130461215973]]}