{"avg_dist": [0.0002774037280690185, 0.00027726982719725803, 0.00027713888661459805, 0.00027700824670627734, 0.000276880915010274, 0.00027675308246196247, 0.0002766233470354434, 0.00027649395413475194, 0.0002763649668804095, 0.0002762448821258343], "loss": [[0.26736342906951904, 0.26721298694610596, 0.26706385612487793, 0.26691609621047974, 0.2667695879936218, 0.266624391078949, 0.2664804756641388, 0.2663378417491913, 0.26619642972946167, 0.2660562992095947], [0.26739701628685, 0.2672462463378906, 0.2670968174934387, 0.26694872975349426, 0.2668019235134125, 0.26665642857551575, 0.2665122151374817, 0.2663692533969879, 0.2662275731563568, 0.2660871148109436], [0.2674253582954407, 0.2672743797302246, 0.267124742269516, 0.26697641611099243, 0.2668294310569763, 0.2666836977005005, 0.2665392756462097, 0.26639610528945923, 0.266254186630249, 0.2661135196685791], [0.26737844944000244, 0.2672278881072998, 0.2670786380767822, 0.2669306993484497, 0.26678407192230225, 0.26663872599601746, 0.26649466156959534, 0.2663518786430359, 0.2662103474140167, 0.26607006788253784], [0.267363965511322, 0.2672135829925537, 0.26706451177597046, 0.26691675186157227, 0.26677027344703674, 0.2666251063346863, 0.2664812207221985, 0.266338586807251, 0.26619720458984375, 0.2660571038722992], [0.26738131046295166, 0.267230749130249, 0.26708149909973145, 0.2669335901737213, 0.26678693294525146, 0.2666415870189667, 0.26649755239486694, 0.2663547694683075, 0.26621323823928833, 0.26607292890548706], [0.2673724293708801, 0.2672218680381775, 0.2670726776123047, 0.26692482829093933, 0.26677823066711426, 0.26663291454315186, 0.2664889097213745, 0.2663462162017822, 0.26620471477508545, 0.26606446504592896], [0.2674008905887604, 0.26725009083747864, 0.26710066199302673, 0.2669525444507599, 0.2668057382106781, 0.266660213470459, 0.26651594042778015, 0.2663729786872864, 0.2662312686443329, 0.2660908102989197], [0.2673453390598297, 0.26719510555267334, 0.26704615354537964, 0.2668985426425934, 0.2667522430419922, 0.26660722494125366, 0.2664634585380554, 0.26632097363471985, 0.26617977023124695, 0.26603978872299194], [0.2673468589782715, 0.26719656586647034, 0.267047643661499, 0.2668999433517456, 0.266753613948822, 0.2666085958480835, 0.26646479964256287, 0.2663222849369049, 0.2661810517311096, 0.2660410404205322], [0.267386794090271, 0.2672361731529236, 0.267086923122406, 0.2669389247894287, 0.2667922377586365, 0.2666468620300293, 0.2665027678012848, 0.26635995507240295, 0.266218364238739, 0.26607805490493774], [0.26740172505378723, 0.2672509551048279, 0.267101526260376, 0.26695340871810913, 0.26680660247802734, 0.2666611075401306, 0.2665168046951294, 0.266373872756958, 0.26623213291168213, 0.2660916745662689], [0.26735585927963257, 0.26720547676086426, 0.2670564353466034, 0.2669087052345276, 0.26676228642463684, 0.2666171193122864, 0.26647329330444336, 0.26633065938949585, 0.2661893367767334, 0.26604926586151123], [0.26730769872665405, 0.26715776324272156, 0.2670091688632965, 0.26686185598373413, 0.2667158246040344, 0.2665710747241974, 0.2664276361465454, 0.2662854492664337, 0.2661445140838623, 0.2660048305988312], [0.26736754179000854, 0.26721712946891785, 0.2670680284500122, 0.2669202983379364, 0.2667738199234009, 0.2666286826133728, 0.2664847671985626, 0.2663421630859375, 0.26620081067085266, 0.26606065034866333], [0.2673673927783966, 0.26721692085266113, 0.26706773042678833, 0.26691991090774536, 0.26677337288856506, 0.26662811636924744, 0.2664841413497925, 0.2663414180278778, 0.2661999762058258, 0.2660597860813141], [0.26737695932388306, 0.2672263979911804, 0.2670772075653076, 0.2669292688369751, 0.26678264141082764, 0.26663732528686523, 0.2664932906627655, 0.26635047793388367, 0.2662090063095093, 0.266068696975708], [0.26744478940963745, 0.26729366183280945, 0.2671438753604889, 0.266995370388031, 0.26684823632240295, 0.2667023539543152, 0.2665577530860901, 0.26641446352005005, 0.2662723660469055, 0.26613157987594604], [0.26732683181762695, 0.26717671751976013, 0.26702797412872314, 0.26688045263290405, 0.2667343020439148, 0.2665894031524658, 0.2664458155632019, 0.26630347967147827, 0.2661623954772949, 0.26602256298065186], [0.2673019766807556, 0.2671521306037903, 0.26700359582901, 0.2668563425540924, 0.26671040058135986, 0.26656574010849, 0.2664223909378052, 0.26628026366233826, 0.2661393880844116, 0.26599979400634766], [0.2673049569129944, 0.26715511083602905, 0.267006516456604, 0.266859233379364, 0.2667132616043091, 0.2665685713291168, 0.26642516255378723, 0.2662830054759979, 0.2661421298980713, 0.26600247621536255], [0.2673596739768982, 0.2672092616558075, 0.26706019043922424, 0.26691243052482605, 0.2667660117149353, 0.26662081480026245, 0.26647692918777466, 0.26633429527282715, 0.2661929428577423, 0.26605284214019775], [0.267333060503006, 0.2671828866004944, 0.2670340836048126, 0.26688653230667114, 0.2667402923107147, 0.26659536361694336, 0.2664516866207123, 0.2663092613220215, 0.26616811752319336, 0.2660282254219055], [0.2673170268535614, 0.26716697216033936, 0.26701825857162476, 0.2668708264827728, 0.26672476530075073, 0.26657992601394653, 0.2664363980293274, 0.26629412174224854, 0.2661530673503876, 0.26601332426071167], [0.2673301100730896, 0.267179936170578, 0.26703110337257385, 0.26688358187675476, 0.2667374014854431, 0.26659244298934937, 0.26644882559776306, 0.26630643010139465, 0.2661653161048889, 0.2660254240036011]]}