{"x": [0.01, 0.4098, 0.8096, 1.2094, 1.6092, 2.009, 2.4088, 2.8085999999999998, 3.2083999999999997, 3.6081999999999996, 4.008, 4.4078, 4.8076, 5.2074, 5.6072, 6.007, 6.4068, 6.8065999999999995, 7.2063999999999995, 7.606199999999999, 8.006, 8.405800000000001, 8.805600000000002, 9.205400000000003, 9.605200000000004, 10.005000000000004, 10.404800000000005, 10.804600000000006, 11.204400000000007, 11.604200000000008, 12.004000000000008, 12.40380000000001, 12.80360000000001, 13.203400000000011, 13.603200000000012, 14.003000000000013, 14.402800000000013, 14.802600000000014, 15.202400000000015, 15.602200000000016, 16.002000000000017, 16.401800000000016, 16.801600000000015, 17.201400000000014, 17.601200000000013, 18.001000000000012, 18.40080000000001, 18.80060000000001, 19.20040000000001, 19.600200000000008], "y": [-0.0004911819329632346, 0.008766455010943884, 0.0, 0.0, 0.0, 0.0, 0.038208961178227877, 0.0, 0.0, 0.0, 0.03672854946934535, 0.040852207374363084, 0.04832811761405357, 0.0537376798782669, 0.0, 0.053589515856850824, 0.04582997351417637, 0.0, 0.0, 0.05943885821800187, 0.04033130866703323, 0.0, 0.0, 0.0, 0.0, 0.0, 0.0, 0.0, 0.035498279887198975, 0.07159201026279143, 0.0, 0.0, 0.0, 0.06452952063997616, 0.0, 0.0, 0.0, 0.0, 0.0, 0.0, 0.06984199980980536, 0.0, 0.0, 0.0, 0.0, 0.0, 0.0, 0.0, 0.0, 0.0]}