{"x": [0.01, 0.4098, 0.8096, 1.2094, 1.6092, 2.009, 2.4088, 2.8085999999999998, 3.2083999999999997, 3.6081999999999996, 4.008, 4.4078, 4.8076, 5.2074, 5.6072, 6.007, 6.4068, 6.8065999999999995, 7.2063999999999995, 7.606199999999999, 8.006, 8.405800000000001, 8.805600000000002, 9.205400000000003, 9.605200000000004, 10.005000000000004, 10.404800000000005, 10.804600000000006, 11.204400000000007, 11.604200000000008, 12.004000000000008, 12.40380000000001, 12.80360000000001, 13.203400000000011, 13.603200000000012, 14.003000000000013, 14.402800000000013, 14.802600000000014, 15.202400000000015, 15.602200000000016, 16.002000000000017, 16.401800000000016, 16.801600000000015, 17.201400000000014, 17.601200000000013, 18.001000000000012, 18.40080000000001, 18.80060000000001, 19.20040000000001, 19.600200000000008], "y": [0.002029839399739421, -0.051853881893401524, -0.03187020335138169, -0.01755244943966185, 0.007474812225198423, -0.012750035142917624, 0.11768532659730792, 0.05005273785522173, 0.230317203614479, 0.040345024731169354, 0.2546608829920105, 0.5154149097116576, 0.476880738730538, 0.36908393105969856, 0.5172718185499774, 0.705590492798912, 0.5998237639080864, 0.004463074562089859, 0.8780107060523161, 0.6907765675632708, -0.004817377551688578, 0.5481810063756843, 1.51259971269725, 0.1814881417526617, -0.05601829459160021, 1.2255446723971481, 2.4490055811408156, -0.19711274581258176, -0.051090519202224884, 1.0312207493207668, 0.26315740970262563, -0.06178888330470444, 0.6226121976640908, 0.46025604187277014, -0.037472318527266894, -0.2733842301574212, 0.6371246878331009, 0.6034688406128107, 0.8477383549787898, 0.7275086186458153, 0.8699870328298663, 0.8055074746840322, 0.482040478629075, -0.021103875322660455, 1.1596490595774211, 0.7523634705877537, 1.3827815102657184, 1.3509894195256977, 2.433987654157435, 0.5158938852296608]}