{"x": [0.01, 0.4098, 0.8096, 1.2094, 1.6092, 2.009, 2.4088, 2.8085999999999998, 3.2083999999999997, 3.6081999999999996, 4.008, 4.4078, 4.8076, 5.2074, 5.6072, 6.007, 6.4068, 6.8065999999999995, 7.2063999999999995, 7.606199999999999, 8.006, 8.405800000000001, 8.805600000000002, 9.205400000000003, 9.605200000000004, 10.005000000000004, 10.404800000000005, 10.804600000000006, 11.204400000000007, 11.604200000000008, 12.004000000000008, 12.40380000000001, 12.80360000000001, 13.203400000000011, 13.603200000000012, 14.003000000000013, 14.402800000000013, 14.802600000000014, 15.202400000000015, 15.602200000000016, 16.002000000000017, 16.401800000000016, 16.801600000000015, 17.201400000000014, 17.601200000000013, 18.001000000000012, 18.40080000000001, 18.80060000000001, 19.20040000000001, 19.600200000000008], "y": [-8.87928767247489e-05, -0.0003121149006370663, -0.00023503422932832368, 0.00018946738820697128, -0.0005801487000546597, 0.0013040428171875616, 0.003752155515652755, 0.006276962460358046, 0.006736164434883903, 0.00985766649909393, 0.007370371139787646, 0.0048598416517694155, 0.011973317438660081, 0.02042874489863787, 0.011545021270296248, 0.009746516828250248, 0.01762140392193861, 0.016344235614008305, 0.012601961891606, 0.016080644436449795, 0.010839298817204579, 0.03440315376283849, 0.0162384103777663, 0.0127645072560855, 0.025027895418571394, 0.02078457946121538, 0.00027945372455385646, 0.002064479369441189, -0.00021905760815106828, 0.07871829196144493, 0.005507701848516232, 0.01601069663531808, 0.020580491404400148, 0.01836184909788401, -0.0017755071280423018, 0.028913394791251004, 0.027837209516876692, 0.029535114105234697, 0.01716587165133449, 0.025519708795525304, 0.024237403281953975, 0.024240852790540765, 0.018910936968538895, 0.019957526805295764, 0.010504060170924244, 0.01568624441073762, 0.031584208851452744, 0.024249949505631307, 0.010826913019712343, 0.03346241784989919]}