{"avg_dist": [0.00024873607029092754, 0.0002487385490241315, 0.0002487425672332406, 0.0002487440903291384, 0.000248743783623491, 0.00024874758015699553, 0.0002487519327172032, 0.0002487555820100524, 0.0002487561878286016, 0.000248761288339385], "loss": [[0.3335649371147156, 0.33336061239242554, 0.3331562578678131, 0.33295196294784546, 0.3327476382255554, 0.33254334330558777, 0.3323390781879425, 0.33213484287261963, 0.33193060755729675, 0.3317263722419739], [0.33358269929885864, 0.333378404378891, 0.33317404985427856, 0.33296969532966614, 0.33276546001434326, 0.33256110548973083, 0.3323568105697632, 0.3321525752544403, 0.33194833993911743, 0.33174407482147217], [0.33356791734695435, 0.3333635926246643, 0.3331592082977295, 0.33295491337776184, 0.3327506184577942, 0.33254626393318176, 0.3323420286178589, 0.3321377635002136, 0.33193349838256836, 0.33172929286956787], [0.3335476517677307, 0.3333433270454407, 0.33313900232315063, 0.3329346776008606, 0.33273035287857056, 0.3325260877609253, 0.33232182264328003, 0.3321175277233124, 0.3319133222103119, 0.3317091166973114], [0.33359354734420776, 0.33338916301727295, 0.3331848978996277, 0.33298057317733765, 0.3327762484550476, 0.33257195353507996, 0.3323677182197571, 0.3321634531021118, 0.33195918798446655, 0.3317549526691437], [0.33354586362838745, 0.33334147930145264, 0.3331371545791626, 0.33293288946151733, 0.3327285051345825, 0.33252429962158203, 0.33232003450393677, 0.3321157693862915, 0.33191150426864624, 0.33170732855796814], [0.33355259895324707, 0.33334824442863464, 0.3331438899040222, 0.3329395651817322, 0.3327353000640869, 0.33253100514411926, 0.332326740026474, 0.33212247490882874, 0.33191823959350586, 0.33171403408050537], [0.3335484266281128, 0.33334410190582275, 0.3331397771835327, 0.33293548226356506, 0.33273112773895264, 0.3325268626213074, 0.3323225975036621, 0.33211833238601685, 0.33191412687301636, 0.33170992136001587], [0.33355528116226196, 0.33335089683532715, 0.3331465721130371, 0.33294230699539185, 0.3327379822731018, 0.33253365755081177, 0.3323293924331665, 0.332125186920166, 0.3319209814071655, 0.3317166864871979], [0.3335607647895813, 0.33335644006729126, 0.33315208554267883, 0.3329477906227112, 0.33274349570274353, 0.3325391709804535, 0.3323349356651306, 0.33213067054748535, 0.33192646503448486, 0.3317222595214844], [0.33357784152030945, 0.3333735466003418, 0.33316919207572937, 0.33296486735343933, 0.3327605426311493, 0.3325563073158264, 0.33235204219818115, 0.3321477174758911, 0.3319435119628906, 0.33173930644989014], [0.333565354347229, 0.33336102962493896, 0.3331567049026489, 0.3329523801803589, 0.33274805545806885, 0.3325437903404236, 0.33233949542045593, 0.33213526010513306, 0.3319309949874878, 0.3317267894744873], [0.33356642723083496, 0.33336207270622253, 0.3331577777862549, 0.33295342326164246, 0.3327491283416748, 0.33254486322402954, 0.3323405385017395, 0.332136332988739, 0.33193206787109375, 0.33172786235809326], [0.33357223868370056, 0.33336788415908813, 0.3331635296344757, 0.33295929431915283, 0.3327549695968628, 0.33255064487457275, 0.3323464095592499, 0.3321421146392822, 0.33193790912628174, 0.33173367381095886], [0.33356553316116333, 0.3333612382411957, 0.33315688371658325, 0.3329525589942932, 0.33274829387664795, 0.3325439989566803, 0.33233967423439026, 0.3321354389190674, 0.3319312334060669, 0.3317270278930664], [0.3335613012313843, 0.33335694670677185, 0.3331526517868042, 0.33294832706451416, 0.3327440023422241, 0.33253973722457886, 0.3323354125022888, 0.33213114738464355, 0.33192694187164307, 0.3317227363586426], [0.33355048298835754, 0.3333461582660675, 0.3331417739391327, 0.33293747901916504, 0.3327332139015198, 0.3325289189815521, 0.33232465386390686, 0.3321203589439392, 0.3319161534309387, 0.33171194791793823], [0.33354735374450684, 0.3333430588245392, 0.33313870429992676, 0.3329343795776367, 0.33273011445999146, 0.33252573013305664, 0.3323214650154114, 0.3321172893047333, 0.3319129943847656, 0.33170878887176514], [0.3335469961166382, 0.33334267139434814, 0.3331384062767029, 0.33293402194976807, 0.3327297270298004, 0.332525372505188, 0.3323211669921875, 0.33211687207221985, 0.33191266655921936, 0.3317084312438965], [0.3335905075073242, 0.3333861231803894, 0.33318185806274414, 0.3329775035381317, 0.33277320861816406, 0.332568883895874, 0.33236461877822876, 0.3321603536605835, 0.331956148147583, 0.33175191283226013], [0.33354452252388, 0.3333401679992676, 0.33313584327697754, 0.3329315185546875, 0.33272722363471985, 0.3325229287147522, 0.3323186933994293, 0.33211439847946167, 0.33191022276878357, 0.3317059874534607], [0.33354970812797546, 0.33334532380104065, 0.3331409990787506, 0.33293670415878296, 0.3327323794364929, 0.33252811431884766, 0.3323237895965576, 0.33211958408355713, 0.33191531896591187, 0.3317111134529114], [0.3335670232772827, 0.3333626985549927, 0.33315834403038025, 0.3329540491104126, 0.33274969458580017, 0.3325453996658325, 0.33234113454818726, 0.3321368992328644, 0.3319326639175415, 0.33172839879989624], [0.33355581760406494, 0.3333514332771301, 0.3331471383571625, 0.33294278383255005, 0.3327385187149048, 0.3325342535972595, 0.33232998847961426, 0.332125723361969, 0.33192145824432373, 0.33171725273132324], [0.3335738778114319, 0.33336952328681946, 0.3331652283668518, 0.33296090364456177, 0.33275657892227173, 0.3325522541999817, 0.3323479890823364, 0.33214372396469116, 0.3319394290447235, 0.331735223531723]]}