{"x": [0.01, 0.4098, 0.8096, 1.2094, 1.6092, 2.009, 2.4088, 2.8085999999999998, 3.2083999999999997, 3.6081999999999996, 4.008, 4.4078, 4.8076, 5.2074, 5.6072, 6.007, 6.4068, 6.8065999999999995, 7.2063999999999995, 7.606199999999999, 8.006, 8.405800000000001, 8.805600000000002, 9.205400000000003, 9.605200000000004, 10.005000000000004, 10.404800000000005, 10.804600000000006, 11.204400000000007, 11.604200000000008, 12.004000000000008, 12.40380000000001, 12.80360000000001, 13.203400000000011, 13.603200000000012, 14.003000000000013, 14.402800000000013, 14.802600000000014, 15.202400000000015, 15.602200000000016, 16.002000000000017, 16.401800000000016, 16.801600000000015, 17.201400000000014, 17.601200000000013, 18.001000000000012, 18.40080000000001, 18.80060000000001, 19.20040000000001, 19.600200000000008], "y": [0.00010855139245873422, -0.0007200669732879675, -0.0001073854115418177, -0.0003299868342509267, 0.0008545106441822188, 0.002429329717386647, 0.00014479519421294398, 0.0048399113976524055, 0.007177962116791134, 0.005837520648306827, 0.007442548741921447, 0.011940022717578345, 0.007051589403879154, 0.014454172839939255, 0.005420151580451388, 0.01786277675327381, 0.019499021990816618, 0.015311627529716057, 0.017116281748239634, 0.012023717834012463, 0.011784131325186917, 0.023320938732614642, 0.014164972448495716, 0.035083165334054506, 0.033132646025289675, 0.01917738028907593, 0.027125725988030206, -0.0011111670085686867, 0.0025034272415316665, 0.00044355682482439586, 0.015708429002956922, 0.005693439181680491, 0.019421371258437663, 0.026794916776366907, 0.02719016098195637, 0.013916134713274228, 0.028626450460980276, 0.029784736632016917, 0.020328554508690706, 0.017826041706634693, 0.028891614130595086, 0.03180725286364219, 0.012220976617844001, 0.012661591442389243, 0.011252201540367386, 0.03538062733881266, 0.015709342837499782, 0.016401617249887823, 0.017651318760351784, 0.021572182822581335]}