{"avg_dist": [0.0002784212931474728, 0.0002784199211273729, 0.0002784182951424061, 0.0002784142668834921, 0.00027841003879770906], "loss": [[0.2823385000228882, 0.28232574462890625, 0.2823129892349243, 0.28230029344558716, 0.2822875380516052], [0.28233110904693604, 0.2823183536529541, 0.28230559825897217, 0.28229284286499023, 0.2822801470756531], [0.2823401689529419, 0.2823273837566376, 0.282314658164978, 0.2823019027709961, 0.28228917717933655], [0.28233224153518677, 0.28231948614120483, 0.2823067307472229, 0.28229397535324097, 0.2822812795639038], [0.2823304235935211, 0.2823176383972168, 0.28230491280555725, 0.2822921872138977, 0.28227946162223816], [0.28232336044311523, 0.2823106646537781, 0.28229790925979614, 0.2822851836681366, 0.28227242827415466], [0.2823314070701599, 0.282318651676178, 0.28230589628219604, 0.2822932004928589, 0.28228044509887695], [0.282351553440094, 0.28233882784843445, 0.2823260426521301, 0.2823133170604706, 0.28230056166648865], [0.2823614776134491, 0.28234872221946716, 0.28233596682548523, 0.2823232114315033, 0.28231048583984375], [0.28232067823410034, 0.2823079228401184, 0.28229519724845886, 0.2822824716567993, 0.28226974606513977], [0.2823273539543152, 0.28231459856033325, 0.2823018729686737, 0.28228914737701416, 0.2822763919830322], [0.28232645988464355, 0.28231367468833923, 0.2823009490966797, 0.28228819370269775, 0.2822754979133606], [0.28233927488327026, 0.28232651948928833, 0.2823137640953064, 0.28230103850364685, 0.2822883129119873], [0.28234219551086426, 0.2823294401168823, 0.2823167145252228, 0.28230395913124084, 0.2822912335395813], [0.2823326289653778, 0.2823198437690735, 0.28230714797973633, 0.2822943925857544, 0.28228166699409485], [0.2823488712310791, 0.28233611583709717, 0.2823233902454376, 0.2823106050491333, 0.28229790925979614], [0.2823445200920105, 0.28233176469802856, 0.28231900930404663, 0.2823062539100647, 0.28229352831840515], [0.2823350429534912, 0.2823222875595093, 0.28230956196784973, 0.2822968363761902, 0.28228408098220825], [0.282335102558136, 0.28232237696647644, 0.2823096215724945, 0.2822968661785126, 0.28228411078453064], [0.2823329269886017, 0.28232020139694214, 0.2823074758052826, 0.28229475021362305, 0.2822819650173187], [0.2823570668697357, 0.28234434127807617, 0.28233155608177185, 0.2823188304901123, 0.28230607509613037], [0.2823355793952942, 0.28232282400131226, 0.2823100984096527, 0.28229737281799316, 0.2822846472263336], [0.28232628107070923, 0.2823135256767273, 0.28230082988739014, 0.2822880446910858, 0.28227531909942627], [0.2823397219181061, 0.28232699632644653, 0.2823142409324646, 0.28230151534080505, 0.2822887599468231], [0.28234046697616577, 0.28232771158218384, 0.2823150157928467, 0.28230229020118713, 0.2822895050048828]]}